,,,,,Date,AZUKI,BAYC,Cryptopunks,Doodles,ETH,MAYC
,,,,,May-22,0.00%,0.00%,,0.00%,,0.00%
,,,,,May-22,-10.26%,7.39%,0.00%,2.09%,0.00%,5.27%
,,,,,May-22,-19.55%,9.36%,-1.89%,2.55%,-1.11%,7.95%
,,,,,May-22,-23.25%,7.96%,-5.67%,-1.54%,-17.04%,5.81%
,,,,,May-22,-24.75%,11.00%,-7.74%,-6.91%,-12.05%,7.39%
,,,,,May-22,-20.93%,8.62%,-7.74%,-12.13%,-14.49%,8.06%
,,,,,May-22,-13.06%,14.96%,1.61%,-16.31%,-12.74%,7.98%
,,,,,May-22,-6.82%,17.47%,1.79%,-18.19%,-14.23%,10.76%
,,,,,May-22,-5.52%,17.36%,-2.72%,-15.02%,-12.76%,10.60%
,,,,,May-22,-6.54%,22.99%,-1.79%,-16.56%,-14.69%,9.50%
,,,,,May-22,-9.13%,17.54%,-1.98%,-19.96%,-16.02%,8.56%
,,,,,May-22,-10.02%,14.78%,-3.78%,-21.38%,-15.16%,6.79%
,,,,,May-22,-13.65%,13.51%,-3.87%,-25.73%,-17.09%,6.98%
,,,,,May-22,-16.37%,8.48%,-4.06%,-26.98%,-15.41%,5.96%
,,,,,May-22,-16.42%,5.04%,-7.55%,-26.37%,-13.67%,3.35%
,,,,,May-22,-14.96%,4.83%,-10.10%,-26.16%,-16.96%,3.80%
,,,,,May-22,-15.01%,6.53%,-13.71%,-26.05%,-17.11%,2.43%
,,,,,May-22,-16.77%,6.72%,-13.14%,-25.40%,-20.98%,1.01%
,,,,,May-22,-21.05%,7.17%,-12.18%,-24.20%,-25.56%,-0.58%
,,,,,May-22,-28.30%,7.91%,-13.22%,-25.14%,-25.21%,-4.36%
,,,,,May-22,-31.01%,5.19%,-13.33%,-26.34%,-24.40%,-8.25%
,,,,,May-22,-30.42%,1.47%,-10.01%,-28.29%,-19.51%,-10.14%
,,,,,May-22,-23.28%,0.29%,-9.93%,-29.69%,-17.28%,-9.98%
,,,,,Jun-22,-20.15%,0.08%,-7.57%,-29.52%,-18.80%,-8.56%
,,,,,Jun-22,-17.93%,2.38%,-7.65%,-28.59%,-23.35%,-3.82%
,,,,,Jun-22,-18.92%,7.78%,-7.65%,-28.41%,-24.50%,-2.20%
,,,,,Jun-22,-25.70%,9.80%,-7.65%,-29.57%,-25.46%,-0.73%
,,,,,Jun-22,-25.81%,9.02%,-9.44%,-27.83%,-24.42%,1.13%
,,,,,Jun-22,-28.08%,13.18%,-9.44%,-27.13%,-20.81%,-0.08%
,,,,,Jun-22,-18.18%,11.10%,-9.44%,-26.15%,-25.13%,0.30%
,,,,,Jun-22,-9.94%,12.31%,-13.14%,-24.74%,-24.14%,1.90%
,,,,,Jun-22,-11.66%,13.87%,-10.39%,-26.09%,-24.43%,0.53%
,,,,,Jun-22,-11.34%,7.89%,-8.59%,-28.10%,-25.52%,3.30%
,,,,,Jun-22,-23.11%,11.61%,-8.61%,-30.71%,-32.83%,1.48%
,,,,,Jun-22,-32.81%,9.12%,-8.90%,-32.94%,-37.70%,-2.54%
,,,,,Jun-22,-35.87%,4.03%,-11.33%,-39.43%,-45.64%,-7.94%
,,,,,Jun-22,-39.49%,1.40%,-9.37%,-43.53%,-49.04%,-14.89%
,,,,,Jun-22,-40.16%,-4.91%,-7.84%,-41.80%,-50.87%,-16.24%
,,,,,Jun-22,-36.74%,-6.44%,-7.65%,-40.39%,-51.12%,-14.83%
,,,,,Jun-22,-29.07%,-3.60%,-6.61%,-35.97%,-54.09%,-10.65%
,,,,,Jun-22,-27.15%,-2.04%,16.24%,-33.31%,-57.88%,-8.00%
,,,,,Jun-22,-26.69%,-0.65%,25.87%,-34.00%,-55.78%,-6.56%
,,,,,Jun-22,-27.99%,3.30%,29.37%,-33.41%,-53.05%,-6.53%
,,,,,Jun-22,-31.03%,4.70%,27.38%,-30.52%,-51.57%,-6.41%
,,,,,Jun-22,-25.95%,4.33%,22.76%,-23.33%,-54.08%,-2.43%
,,,,,Jun-22,-20.32%,3.66%,18.89%,-17.43%,-53.51%,-1.58%
,,,,,Jun-22,-19.23%,0.03%,20.77%,-9.41%,-49.34%,-0.71%
,,,,,Jun-22,-19.57%,1.72%,24.55%,-7.90%,-48.72%,0.50%
,,,,,Jun-22,-21.10%,4.71%,27.63%,-8.55%,-48.07%,-1.35%
,,,,,Jun-22,-12.31%,6.56%,26.44%,-11.82%,-48.91%,1.21%
,,,,,Jun-22,-7.45%,13.77%,25.50%,-14.37%,-49.72%,1.88%
,,,,,Jun-22,-3.98%,11.15%,24.55%,1.71%,-52.53%,1.95%
,,,,,Jun-22,-6.10%,10.07%,24.55%,-0.41%,-56.23%,0.46%
,,,,,Jul-22,-16.65%,9.94%,24.55%,0.62%,-55.12%,-1.91%
,,,,,Jul-22,-19.85%,7.95%,25.57%,-0.91%,-55.55%,-2.59%
,,,,,Jul-22,-22.25%,8.00%,26.53%,-17.39%,-55.38%,-1.30%
,,,,,Jul-22,-15.28%,8.80%,26.44%,-13.92%,-53.43%,0.45%
,,,,,Jul-22,-14.73%,11.98%,26.44%,2.97%,-51.88%,0.91%
,,,,,Jul-22,-14.65%,13.12%,26.44%,0.65%,-52.04%,2.03%
,,,,,Jul-22,-11.75%,16.31%,27.38%,7.68%,-48.84%,0.37%
,,,,,Jul-22,-12.90%,14.26%,35.88%,6.29%,-47.98%,0.17%
,,,,,Jul-22,-15.04%,11.78%,40.98%,-4.25%,-48.79%,0.72%
,,,,,Jul-22,-15.23%,9.53%,46.72%,-5.30%,-50.10%,2.96%
,,,,,Jul-22,-13.84%,7.16%,43.44%,-11.51%,-51.83%,5.56%
,,,,,Jul-22,-17.64%,12.68%,45.04%,-13.11%,-54.66%,5.63%
,,,,,Jul-22,-14.24%,17.57%,47.21%,-18.76%,-54.81%,7.87%
,,,,,Jul-22,-13.97%,20.72%,47.18%,-18.48%,-52.08%,6.62%
,,,,,Jul-22,-19.63%,22.92%,49.10%,-18.38%,-48.61%,8.43%
,,,,,Jul-22,-20.95%,20.16%,57.51%,-18.25%,-44.30%,8.02%
,,,,,Jul-22,-21.37%,15.18%,58.11%,-20.73%,-43.13%,8.39%
,,,,,Jul-22,-23.44%,11.20%,57.79%,-22.26%,-38.03%,6.91%
,,,,,Jul-22,-24.53%,8.47%,55.79%,-26.42%,-34.61%,1.49%
,,,,,Jul-22,-23.11%,6.27%,55.79%,-25.37%,-34.33%,0.23%
,,,,,Jul-22,-27.37%,4.10%,50.05%,-27.49%,-35.51%,-4.30%
,,,,,Jul-22,-29.97%,1.13%,49.95%,-26.28%,-33.22%,-6.06%
,,,,,Jul-22,-31.68%,0.49%,49.10%,-27.70%,-34.76%,-2.70%
,,,,,Jul-22,-36.82%,2.96%,48.06%,-34.81%,-32.65%,-3.56%
,,,,,Jul-22,-37.51%,0.76%,45.04%,-37.06%,-35.93%,-4.73%
,,,,,Jul-22,-39.52%,-1.00%,38.81%,-42.33%,-40.59%,-6.42%
,,,,,Jul-22,-40.33%,-3.81%,35.88%,-42.94%,-37.08%,-11.08%
,,,,,Jul-22,-40.63%,-9.67%,33.50%,-42.55%,-27.97%,-11.58%
,,,,,Jul-22,-41.07%,-9.47%,30.22%,-41.10%,-27.71%,-11.37%
,,,,,Jul-22,-22.01%,-7.97%,29.18%,-41.15%,-27.85%,-12.06%
,,,,,Jul-22,-19.01%,-6.82%,28.42%,-41.20%,-28.25%,-12.49%
,,,,,Aug-22,-18.81%,-7.35%,39.66%,-40.31%,-29.44%,-12.85%
,,,,,Aug-22,-16.99%,-5.68%,41.06%,-39.96%,-31.21%,-12.56%
,,,,,Aug-22,-35.03%,-7.81%,46.46%,-39.34%,-30.45%,-9.91%
,,,,,Aug-22,-37.44%,-7.28%,43.44%,-39.15%,-31.79%,-9.87%
,,,,,Aug-22,-38.80%,-4.64%,41.06%,-41.62%,-29.51%,-10.26%
,,,,,Aug-22,-37.50%,-5.23%,40.70%,-42.93%,-27.79%,-11.00%
,,,,,Aug-22,-35.66%,-3.36%,40.70%,-44.37%,-28.42%,-11.56%
,,,,,Aug-22,-37.53%,-4.77%,40.70%,-46.26%,-25.51%,-11.17%
,,,,,Aug-22,-38.34%,-5.74%,39.66%,-47.45%,-25.78%,-11.62%
,,,,,Aug-22,-44.10%,-4.12%,41.04%,-49.67%,-23.22%,-11.21%
,,,,,Aug-22,-43.31%,0.40%,41.04%,-50.33%,-20.40%,-12.68%
,,,,,Aug-22,-44.34%,6.12%,35.88%,-52.57%,-20.23%,-13.32%
,,,,,Aug-22,-46.59%,3.92%,32.11%,-53.47%,-16.55%,-15.64%
,,,,,Aug-22,-47.65%,3.98%,32.11%,-54.53%,-16.61%,-19.82%
,,,,,Aug-22,-54.29%,-3.07%,32.11%,-55.29%,-19.53%,-22.85%
,,,,,Aug-22,-55.08%,-9.81%,29.37%,-56.19%,-20.73%,-23.07%
,,,,,Aug-22,-53.81%,-10.34%,29.73%,-55.48%,-20.90%,-20.72%
,,,,,Aug-22,-54.87%,-14.62%,27.38%,-55.55%,-21.85%,-21.06%
,,,,,Aug-22,-55.47%,-16.94%,23.70%,-57.44%,-26.91%,-21.62%
,,,,,Aug-22,-57.18%,-18.48%,28.33%,-57.67%,-31.52%,-26.67%
,,,,,Aug-22,-55.02%,-20.28%,25.50%,-60.37%,-31.99%,-31.36%
,,,,,Aug-22,-54.82%,-22.44%,25.50%,-60.46%,-33.47%,-31.36%
,,,,,Aug-22,-53.85%,-22.51%,24.55%,-59.60%,-31.26%,-30.63%
,,,,,Aug-22,-51.94%,-21.61%,27.38%,-58.32%,-30.20%,-28.52%
,,,,,Aug-22,-51.66%,-18.21%,27.46%,-56.12%,-28.49%,-25.13%
,,,,,Aug-22,-42.81%,-15.13%,27.46%,-55.65%,-30.21%,-22.87%
,,,,,Aug-22,-41.17%,-9.28%,27.46%,-55.14%,-36.96%,-22.91%
,,,,,Aug-22,-37.81%,-8.04%,27.38%,-55.16%,-37.48%,-22.00%
,,,,,Aug-22,-37.93%,-7.09%,27.38%,-55.52%,-35.88%,-23.35%
,,,,,Aug-22,-44.17%,-6.93%,27.38%,-54.91%,-34.03%,-23.25%
,,,,,Aug-22,-41.50%,-6.34%,26.44%,-54.59%,-33.59%,-23.50%
,,,,,Sep-22,-44.17%,-1.23%,25.50%,-54.08%,-34.50%,-23.74%
,,,,,Sep-22,-43.24%,-3.21%,24.55%,-50.76%,-33.22%,-23.94%
,,,,,Sep-22,-42.72%,-5.56%,22.76%,-50.33%,-34.56%,-25.51%
,,,,,Sep-22,-45.51%,-8.02%,22.66%,-51.12%,-34.41%,-27.95%
,,,,,Sep-22,-45.47%,-12.99%,22.66%,-51.27%,-33.38%,-28.56%
,,,,,Sep-22,-48.70%,-13.59%,18.89%,-54.12%,-30.51%,-28.88%
,,,,,Sep-22,-50.98%,-13.67%,22.64%,-51.72%,-34.75%,-30.46%
,,,,,Sep-22,-52.47%,-17.10%,17.09%,-51.40%,-31.53%,-29.99%
,,,,,Sep-22,-53.76%,-18.54%,17.00%,-52.00%,-28.08%,-31.76%
,,,,,Sep-22,-53.53%,-20.38%,17.00%,-53.18%,-27.36%,-34.86%
,,,,,Sep-22,-54.19%,-17.49%,17.00%,-58.31%,-25.99%,-35.93%
,,,,,Sep-22,-54.58%,-16.06%,17.00%,-58.19%,-26.89%,-34.63%
,,,,,Sep-22,-53.38%,-16.95%,20.77%,-56.60%,-28.49%,-34.50%
,,,,,Sep-22,-54.09%,-12.56%,24.63%,-56.65%,-32.78%,-33.03%
,,,,,Sep-22,-52.92%,-16.16%,24.55%,-56.16%,-32.91%,-32.19%
,,,,,Sep-22,-51.30%,-17.44%,18.98%,-56.75%,-38.45%,-33.46%
,,,,,Sep-22,-48.19%,-13.85%,18.98%,-57.81%,-38.88%,-32.29%
,,,,,Sep-22,-44.30%,-15.81%,18.89%,-56.25%,-39.71%,-30.90%
,,,,,Sep-22,-36.65%,-14.67%,22.66%,-54.14%,-43.57%,-30.05%
,,,,,Sep-22,-31.25%,-12.05%,20.77%,-51.82%,-43.05%,-26.41%
,,,,,Sep-22,-21.78%,-13.19%,20.77%,-51.55%,-43.70%,-24.97%
,,,,,Sep-22,-14.95%,-12.55%,20.77%,-46.11%,-45.63%,-22.32%
,,,,,Sep-22,-16.78%,-8.96%,20.68%,-46.59%,-44.40%,-20.01%
,,,,,Sep-22,-0.64%,-8.02%,20.77%,-47.23%,-43.93%,-19.15%
,,,,,Sep-22,-8.77%,-6.21%,20.77%,-46.91%,-44.47%,-17.33%
,,,,,Sep-22,-17.18%,-4.93%,22.57%,-53.27%,-44.56%,-17.01%
,,,,,Sep-22,-21.57%,-2.82%,24.44%,-52.06%,-42.03%,-16.47%
,,,,,Sep-22,-40.59%,-1.13%,27.84%,-50.12%,-44.50%,-17.79%
,,,,,Sep-22,-41.22%,-3.13%,22.66%,-49.53%,-44.04%,-16.64%
,,,,,Sep-22,-32.10%,-3.74%,18.89%,-48.44%,-43.72%,-17.59%
,,,,,Oct-22,-28.89%,-9.48%,18.98%,-47.21%,-44.28%,-18.27%
,,,,,Oct-22,-27.42%,-10.66%,18.98%,-49.51%,-45.09%,-18.76%
,,,,,Oct-22,-26.10%,-9.30%,24.55%,-48.23%,-44.78%,-19.94%
,,,,,Oct-22,-31.48%,-4.93%,25.95%,-48.82%,-43.37%,-20.59%
,,,,,Oct-22,-31.53%,-4.04%,25.04%,-51.38%,-43.27%,-18.82%
,,,,,Oct-22,-30.19%,-1.15%,25.95%,-50.60%,-42.67%,-14.50%
,,,,,Oct-22,-30.91%,-2.81%,24.53%,-52.61%,-43.13%,-15.74%
,,,,,Oct-22,-7.48%,-10.43%,25.50%,-51.88%,-44.22%,-15.77%
,,,,,Oct-22,-2.39%,-11.34%,25.78%,-51.19%,-44.46%,-17.50%
,,,,,Oct-22,-3.47%,-17.08%,25.78%,-48.41%,-44.89%,-19.48%
,,,,,Oct-22,22.68%,-16.83%,25.74%,-48.32%,-46.11%,-19.57%
,,,,,Oct-22,-0.90%,-16.55%,25.57%,-44.77%,-45.55%,-20.34%
,,,,,Oct-22,18.73%,-17.01%,25.57%,-44.72%,-46.02%,-21.84%
,,,,,Oct-22,22.33%,-14.39%,24.63%,-49.64%,-44.40%,-25.38%
,,,,,Oct-22,2.37%,-15.13%,24.55%,-50.90%,-45.94%,-26.03%
,,,,,Oct-22,2.28%,-12.74%,22.76%,-53.87%,-46.00%,-23.52%
,,,,,Oct-22,-14.83%,-11.78%,25.74%,-41.96%,-44.45%,-22.52%
,,,,,Oct-22,-14.25%,-15.03%,25.74%,-41.41%,-44.22%,-21.32%
,,,,,Oct-22,-13.96%,-12.04%,23.70%,-40.68%,-45.38%,-19.10%
,,,,,Oct-22,-11.59%,-11.36%,25.76%,-40.40%,-45.75%,-21.75%
,,,,,Oct-22,-4.37%,-11.53%,25.76%,-53.91%,-45.54%,-22.10%
,,,,,Oct-22,-5.43%,-11.27%,26.50%,-52.28%,-44.95%,-23.78%
,,,,,Oct-22,-9.51%,-15.07%,26.44%,-52.70%,-44.90%,-28.20%
,,,,,Oct-22,-9.17%,-19.26%,22.76%,-55.37%,-43.49%,-29.25%
,,,,,Oct-22,-20.84%,-20.00%,26.33%,-55.75%,-39.31%,-30.27%
,,,,,Oct-22,-18.54%,-20.12%,24.55%,-58.44%,-34.92%,-31.01%
,,,,,Oct-22,-16.19%,-19.78%,21.81%,-59.78%,-34.73%,-31.31%
,,,,,Oct-22,-17.59%,-17.90%,25.95%,-60.32%,-35.02%,-31.82%
,,,,,Oct-22,-16.59%,-18.60%,24.63%,-58.57%,-31.81%,-32.32%
,,,,,Oct-22,-18.71%,-19.93%,22.95%,-58.89%,-32.43%,-31.70%
,,,,,Oct-22,-18.33%,-20.43%,25.89%,-58.99%,-33.60%,-30.28%
,,,,,Nov-22,-16.83%,-20.61%,26.14%,-58.72%,-33.43%,-31.24%
,,,,,Nov-22,-19.19%,-17.56%,26.14%,-61.25%,-33.80%,-31.99%
,,,,,Nov-22,-6.42%,-19.72%,26.18%,-61.83%,-35.21%,-34.14%
,,,,,Nov-22,-11.12%,-21.18%,25.21%,-61.31%,-31.83%,-36.40%
,,,,,Nov-22,-5.88%,-23.32%,24.06%,-61.94%,-31.03%,-36.40%
,,,,,Nov-22,0.03%,-31.20%,22.66%,-61.06%,-32.02%,-37.95%
,,,,,Nov-22,-12.24%,-28.53%,22.10%,-61.04%,-33.55%,-37.10%
,,,,,Nov-22,-10.76%,-29.03%,21.81%,-62.00%,-37.64%,-36.98%
,,,,,Nov-22,-21.15%,-29.82%,18.26%,-62.18%,-47.20%,-37.48%
,,,,,Nov-22,-26.05%,-26.54%,26.06%,-61.40%,-46.03%,-38.20%
,,,,,Nov-22,-25.23%,-29.51%,25.59%,-61.73%,-46.48%,-40.29%
,,,,,Nov-22,-26.47%,-31.17%,22.66%,-60.58%,-46.81%,-38.81%
,,,,,Nov-22,-24.78%,-33.09%,22.66%,-60.32%,-47.87%,-39.97%
,,,,,Nov-22,-27.03%,-35.77%,21.79%,-63.24%,-47.99%,-40.97%
,,,,,Nov-22,-32.45%,-37.55%,25.59%,-63.63%,-46.94%,-41.68%
,,,,,Nov-22,-33.86%,-37.57%,25.59%,-64.65%,-48.11%,-44.89%
,,,,,Nov-22,-18.87%,-37.44%,26.10%,-65.51%,-49.30%,-44.26%
,,,,,Nov-22,-16.05%,-34.64%,25.59%,-65.28%,-48.94%,-42.48%
,,,,,Nov-22,-14.17%,-31.18%,24.55%,-64.91%,-49.23%,-40.85%
,,,,,Nov-22,-12.14%,-31.25%,20.87%,-65.07%,-49.31%,-38.45%
,,,,,Nov-22,-27.91%,-30.36%,17.07%,-64.21%,-52.74%,-37.79%
,,,,,Nov-22,-32.31%,-31.80%,19.83%,-56.93%,-52.77%,-36.89%
,,,,,Nov-22,-34.41%,-32.16%,24.55%,-56.40%,-51.03%,-37.58%
,,,,,Nov-22,-37.32%,-31.22%,25.00%,-55.50%,-49.60%,-37.56%
,,,,,Nov-22,-37.06%,-29.37%,25.00%,-55.46%,-49.94%,-37.49%
,,,,,Nov-22,-33.90%,-27.62%,24.65%,-61.87%,-48.87%,-36.39%
,,,,,Nov-22,-32.03%,-26.28%,24.55%,-60.40%,-48.96%,-32.23%
,,,,,Nov-22,-27.00%,-24.84%,24.61%,-60.22%,-50.79%,-30.54%
,,,,,Nov-22,-20.72%,-21.85%,24.53%,-59.73%,-49.04%,-27.95%
,,,,,Nov-22,-18.71%,-20.72%,23.68%,-59.36%,-46.65%,-27.76%
,,,,,Dec-22,1.98%,-24.87%,23.68%,-58.76%,-46.15%,-28.67%
,,,,,Dec-22,-0.35%,-23.73%,23.63%,-57.74%,-46.20%,-27.27%
,,,,,Dec-22,-2.78%,-26.67%,24.00%,-57.54%,-46.44%,-28.07%
,,,,,Dec-22,-1.78%,-27.17%,23.32%,-54.39%,-46.98%,-28.13%
,,,,,Dec-22,-19.34%,-22.07%,23.32%,-50.95%,-45.83%,-27.61%
,,,,,Dec-22,-17.18%,-20.47%,20.77%,-51.40%,-47.15%,-28.85%
,,,,,Dec-22,-11.13%,-20.05%,20.77%,-49.47%,-48.20%,-27.84%
,,,,,Dec-22,-12.35%,-22.17%,18.89%,-52.14%,-47.51%,-27.21%
,,,,,Dec-22,-12.82%,-25.35%,22.66%,-55.50%,-46.22%,-27.35%
,,,,,Dec-22,-11.39%,-28.57%,22.57%,-55.08%,-46.64%,-26.87%
,,,,,Dec-22,-17.64%,-29.53%,22.38%,-57.52%,-46.53%,-27.23%
,,,,,Dec-22,-19.57%,-28.24%,21.81%,-58.56%,-47.37%,-27.08%
,,,,,Dec-22,-17.82%,-27.16%,21.81%,-61.00%,-44.74%,-26.90%
,,,,,Dec-22,-20.38%,-27.99%,21.81%,-62.73%,-44.40%,-27.76%
,,,,,Dec-22,-19.52%,-28.08%,20.28%,-62.57%,-45.93%,-27.87%
,,,,,Dec-22,-17.48%,-26.74%,20.28%,-62.35%,-48.78%,-28.24%
,,,,,Dec-22,-20.78%,-27.32%,20.28%,-61.87%,-50.50%,-27.96%
,,,,,Dec-22,-20.40%,-27.09%,20.28%,-61.66%,-50.26%,-27.92%
,,,,,Dec-22,-22.61%,-28.32%,20.26%,-62.34%,-50.36%,-27.98%
,,,,,Dec-22,-25.29%,-30.55%,20.25%,-62.46%,-49.02%,-27.55%
,,,,,Dec-22,-25.81%,-28.40%,18.04%,-62.81%,-49.03%,-26.70%
,,,,,Dec-22,-27.38%,-27.73%,17.66%,-63.16%,-49.01%,-24.61%
,,,,,Dec-22,-28.28%,-24.48%,18.45%,-63.52%,-48.79%,-21.83%
,,,,,Dec-22,-25.20%,-23.35%,18.45%,-64.09%,-48.81%,-19.61%
,,,,,Dec-22,-25.57%,-24.05%,20.77%,-64.26%,-48.84%,-18.60%
,,,,,Dec-22,-24.29%,-20.50%,17.28%,-63.74%,-48.83%,-18.12%
,,,,,Dec-22,-21.51%,-20.54%,18.96%,-63.53%,-48.82%,-18.16%
,,,,,Dec-22,-22.63%,-16.31%,22.66%,-62.87%,-49.77%,-17.17%
,,,,,Dec-22,-16.73%,-13.89%,23.63%,-62.24%,-49.71%,-17.02%
,,,,,Dec-22,-5.71%,-15.61%,23.59%,-63.21%,-49.80%,-17.40%
,,,,,Dec-22,0.60%,-16.48%,23.64%,-63.31%,-49.66%,-18.22%
,,,,,Jan-23,-0.16%,-20.23%,23.64%,-63.63%,-49.63%,-19.59%
,,,,,Jan-23,3.56%,-20.30%,23.59%,-63.66%,-48.92%,-18.89%
,,,,,Jan-23,-0.29%,-19.30%,23.59%,-62.88%,-49.00%,-17.18%
,,,,,Jan-23,4.31%,-17.19%,24.27%,-62.49%,-47.43%,-14.51%
,,,,,Jan-23,11.57%,-9.38%,25.19%,-61.66%,-47.39%,-12.01%
,,,,,Jan-23,8.59%,-8.05%,25.95%,-59.46%,-47.10%,-8.43%
,,,,,Jan-23,7.85%,-5.48%,26.31%,-58.95%,-46.93%,-5.12%
,,,,,Jan-23,1.61%,-4.70%,26.06%,-58.42%,-46.88%,-3.09%
,,,,,Jan-23,2.99%,-8.48%,26.14%,-58.23%,-44.53%,-0.55%
,,,,,Jan-23,3.88%,-4.50%,26.14%,-59.78%,-44.10%,-1.96%
,,,,,Jan-23,6.41%,-6.10%,26.12%,-59.21%,-43.93%,-3.12%
,,,,,Jan-23,6.05%,-6.54%,25.59%,-58.36%,-41.14%,-5.32%
,,,,,Jan-23,1.61%,-9.36%,25.00%,-57.90%,-40.58%,-8.41%
,,,,,Jan-23,0.66%,-16.14%,25.00%,-56.72%,-35.19%,-10.58%
,,,,,Jan-23,-5.41%,-18.28%,26.35%,-54.80%,-35.19%,-14.35%
,,,,,Jan-23,-6.74%,-19.81%,27.44%,-54.68%,-34.15%,-16.65%
,,,,,Jan-23,-6.91%,-20.69%,26.40%,-54.08%,-33.86%,-18.95%
,,,,,Jan-23,-3.88%,-17.91%,26.42%,-54.28%,-33.70%,-21.87%
,,,,,Jan-23,-0.21%,-17.75%,27.33%,-56.50%,-35.60%,-24.28%
,,,,,Jan-23,2.13%,-19.08%,26.50%,-57.31%,-33.43%,-25.70%
,,,,,Jan-23,2.36%,-19.23%,25.95%,-58.17%,-30.55%,-26.72%
,,,,,Jan-23,-2.27%,-19.65%,25.57%,-58.68%,-31.51%,-26.86%
,,,,,Jan-23,-5.19%,-21.52%,22.74%,-57.91%,-31.49%,-26.26%
,,,,,Jan-23,-8.31%,-21.49%,21.23%,-56.94%,-31.68%,-26.74%
,,,,,Jan-23,-3.90%,-20.47%,24.51%,-56.63%,-34.68%,-26.23%
,,,,,Jan-23,-3.13%,-23.97%,24.48%,-57.51%,-32.43%,-25.07%
,,,,,Jan-23,-1.88%,-23.20%,25.16%,-59.04%,-33.13%,-23.83%
,,,,,Jan-23,-3.00%,-22.28%,25.16%,-60.99%,-33.19%,-22.22%
,,,,,Jan-23,-9.11%,-22.34%,25.02%,-62.83%,-32.15%,-22.32%
,,,,,Jan-23,-10.69%,-21.36%,25.17%,-63.77%,-32.51%,-22.76%
,,,,,Jan-23,-12.75%,-21.60%,22.74%,-63.31%,-33.50%,-22.14%
,,,,,Feb-23,-12.23%,-21.36%,24.42%,-63.48%,-33.52%,-22.20%
,,,,,Feb-23,-9.35%,-23.60%,20.85%,-63.93%,-29.77%,-22.88%
,,,,,Feb-23,-8.51%,-24.48%,22.17%,-63.98%,-30.54%,-22.73%
,,,,,Feb-23,-7.36%,-21.87%,22.17%,-65.28%,-29.63%,-24.36%
,,,,,Feb-23,-6.33%,-18.40%,20.83%,-65.83%,-30.13%,-25.24%
,,,,,Feb-23,-9.25%,-15.84%,20.77%,-65.41%,-31.33%,-24.29%
,,,,,Feb-23,-10.17%,-15.24%,20.77%,-65.73%,-31.15%,-24.84%
,,,,,Feb-23,-10.17%,-14.49%,20.77%,-65.73%,-29.75%,-24.14%
,,,,,Feb-23,-11.50%,-16.58%,19.91%,-66.10%,-31.50%,-23.47%
,,,,,Feb-23,-11.33%,-16.71%,19.53%,-67.66%,-35.17%,-23.37%
,,,,,Feb-23,-1.73%,-12.52%,17.05%,-68.87%,-36.17%,-22.12%
,,,,,Feb-23,-0.94%,-10.69%,16.88%,-69.19%,-35.61%,-22.67%
,,,,,Feb-23,-1.18%,-13.30%,16.86%,-69.59%,-36.86%,-22.64%
,,,,,Feb-23,-1.16%,-14.45%,20.26%,-70.17%,-35.16%,-22.93%
,,,,,Feb-23,-8.95%,-17.10%,20.81%,-69.35%,-33.63%,-22.25%
,,,,,Feb-23,-9.08%,-20.06%,20.85%,-69.40%,-29.06%,-20.23%
,,,,,Feb-23,-7.16%,-18.04%,20.85%,-69.27%,-29.86%,-19.22%
,,,,,Feb-23,-6.07%,-16.88%,20.85%,-68.10%,-28.85%,-17.78%
,,,,,Feb-23,-6.31%,-17.49%,20.85%,-67.70%,-28.83%,-17.62%
,,,,,Feb-23,-6.07%,-17.75%,20.85%,-67.73%,-28.54%,-17.85%
,,,,,Feb-23,-5.58%,-16.73%,20.83%,-67.32%,-29.25%,-17.84%
,,,,,Feb-23,-5.15%,-16.16%,20.77%,-67.20%,-31.11%,-17.78%
,,,,,Feb-23,-4.97%,-16.71%,20.77%,-67.65%,-30.29%,-17.90%
,,,,,Feb-23,-6.51%,-20.52%,20.77%,-68.33%,-30.86%,-18.86%
,,,,,Feb-23,-8.55%,-23.98%,20.77%,-69.43%,-32.79%,-20.81%
,,,,,Feb-23,-7.93%,-25.60%,20.77%,-69.76%,-32.55%,-22.09%
,,,,,Feb-23,-8.87%,-27.38%,20.77%,-70.25%,-31.22%,-23.35%
,,,,,Feb-23,-8.60%,-25.32%,20.77%,-70.19%,-31.49%,-23.52%
,,,,,Mar-23,-5.51%,-24.12%,20.77%,-69.59%,-30.62%,-22.73%
,,,,,Mar-23,-6.88%,-24.34%,19.92%,-69.56%,-30.86%,-22.69%
,,,,,Mar-23,-4.76%,-23.73%,19.91%,-69.43%,-34.16%,-22.34%
,,,,,Mar-23,-4.18%,-23.71%,19.92%,-69.68%,-34.12%,-22.19%
,,,,,Mar-23,-6.35%,-23.42%,22.66%,-69.92%,-34.08%,-22.08%
,,,,,Mar-23,-6.23%,-22.13%,26.52%,-70.39%,-34.16%,-21.86%
,,,,,Mar-23,-8.17%,-21.67%,27.38%,-70.92%,-34.20%,-21.38%
,,,,,Mar-23,-9.09%,-21.84%,24.40%,-70.97%,-34.63%,-21.49%
,,,,,Mar-23,-9.34%,-22.97%,24.38%,-70.90%,-35.50%,-21.39%
,,,,,Mar-23,-10.41%,-23.13%,23.68%,-71.43%,-40.37%,-22.32%
,,,,,Mar-23,-12.66%,-24.23%,23.68%,-72.56%,-38.52%,-24.79%
,,,,,Mar-23,-13.59%,-24.34%,26.53%,-73.64%,-36.35%,-25.98%
,,,,,Mar-23,-14.14%,-24.21%,25.95%,-74.92%,-30.09%,-26.97%
,,,,,Mar-23,-6.00%,-27.29%,26.53%,-75.69%,-28.05%,-27.03%
,,,,,Mar-23,-4.45%,-28.36%,27.01%,-76.16%,-28.74%,-26.59%
,,,,,Mar-23,-3.37%,-30.05%,28.40%,-77.08%,-30.34%,-27.15%
,,,,,Mar-23,4.29%,-31.54%,32.96%,-78.25%,-27.24%,-28.11%
,,,,,Mar-23,-3.25%,-31.34%,40.64%,-78.84%,-23.91%,-29.88%
,,,,,Mar-23,-3.99%,-30.51%,41.08%,-79.22%,-24.36%,-31.03%
,,,,,Mar-23,-5.48%,-30.61%,24.63%,-79.05%,-25.52%,-31.99%
,,,,,Mar-23,-14.14%,-32.89%,18.39%,-78.25%,-24.62%,-33.27%
,,,,,Mar-23,-16.24%,-34.22%,20.77%,-78.38%,-24.49%,-33.98%
,,,,,Mar-23,-17.04%,-36.97%,17.07%,-78.75%,-24.20%,-35.39%
,,,,,Mar-23,-18.08%,-38.69%,11.61%,-79.43%,-24.44%,-36.64%
,,,,,Mar-23,-18.82%,-37.41%,11.41%,-80.59%,-26.49%,-37.24%
,,,,,Mar-23,-16.35%,-36.98%,15.11%,-80.72%,-25.82%,-37.79%
,,,,,Mar-23,-15.55%,-35.75%,18.96%,-80.54%,-26.06%,-37.91%
,,,,,Mar-23,-13.97%,-34.18%,23.80%,-80.76%,-26.80%,-37.16%
,,,,,Mar-23,-13.33%,-33.46%,23.80%,-80.89%,-24.25%,-36.16%
,,,,,Mar-23,-16.37%,-34.07%,22.74%,-81.34%,-24.62%,-34.53%
,,,,,Mar-23,-14.63%,-32.58%,21.81%,-81.82%,-23.45%,-32.77%
,,,,,Apr-23,-14.49%,-32.06%,21.81%,-81.85%,-23.40%,-31.72%
,,,,,Apr-23,-13.49%,-31.97%,13.28%,-81.93%,-23.71%,-31.34%
,,,,,Apr-23,-12.02%,-30.59%,13.28%,-82.09%,-24.27%,-31.36%
,,,,,Apr-23,-12.69%,-32.05%,17.03%,-82.24%,-21.74%,-31.53%
,,,,,Apr-23,-5.32%,-33.08%,11.43%,-82.58%,-19.93%,-32.02%
,,,,,Apr-23,-6.24%,-34.08%,13.30%,-83.09%,-21.04%,-31.92%
,,,,,Apr-23,-2.96%,-35.96%,9.50%,-83.59%,-21.77%,-32.41%
,,,,,Apr-23,0.76%,-36.89%,8.78%,-84.07%,-21.59%,-32.33%
,,,,,Apr-23,-2.04%,-36.41%,9.52%,-84.18%,-22.11%,-32.22%
,,,,,Apr-23,2.65%,-35.27%,9.52%,-83.76%,-21.32%,-32.37%
,,,,,Apr-23,-0.05%,-34.69%,9.52%,-83.91%,-19.54%,-31.74%
,,,,,Apr-23,-1.33%,-35.13%,9.52%,-84.02%,-20.00%,-31.68%
,,,,,Apr-23,-1.46%,-37.18%,5.74%,-84.05%,-15.95%,-32.14%
,,,,,Apr-23,-3.96%,-39.83%,4.82%,-84.62%,-11.48%,-32.97%
,,,,,Apr-23,-0.92%,-40.98%,4.63%,-84.91%,-11.92%,-34.86%
,,,,,Apr-23,-0.34%,-41.28%,0.08%,-85.20%,-11.63%,-36.37%
,,,,,Apr-23,-1.88%,-41.34%,0.47%,-85.32%,-12.19%,-37.45%
,,,,,Apr-23,2.09%,-41.02%,-0.85%,-85.48%,-12.01%,-38.46%
,,,,,Apr-23,4.45%,-41.80%,-3.68%,-85.62%,-13.18%,-38.87%
,,,,,Apr-23,3.37%,-43.31%,-5.55%,-85.88%,-17.98%,-39.58%
,,,,,Apr-23,3.81%,-45.30%,-12.56%,-86.75%,-19.15%,-41.91%
,,,,,Apr-23,-0.36%,-46.49%,-2.76%,-87.08%,-21.29%,-43.53%
,,,,,Apr-23,-4.73%,-46.28%,-5.59%,-86.97%,-21.64%,-44.02%
,,,,,Apr-23,-5.03%,-45.73%,-5.59%,-86.88%,-22.22%,-44.49%
,,,,,Apr-23,-7.03%,-39.47%,-5.59%,-86.60%,-22.93%,-43.38%
,,,,,Apr-23,-6.97%,-38.42%,0.00%,-86.63%,-19.39%,-43.18%
,,,,,Apr-23,-6.90%,-36.95%,1.91%,-86.70%,-19.89%,-43.43%
,,,,,Apr-23,-7.69%,-36.73%,1.04%,-86.63%,-20.01%,-43.92%
,,,,,Apr-23,-7.15%,-42.32%,1.04%,-86.03%,-20.08%,-43.94%
,,,,,Apr-23,-6.80%,-44.16%,1.04%,-85.29%,-20.03%,-43.92%